{
"lengthUnit": "mil",
"remark": [],
"components": {
	"fields": ["COMPONENT_NO", "COMPONENT_NAME", "LAYER", "X_COORDINATE", "Y_COORDINATE", "ANGLE"],
	"rows": [
		[1, "82Ω", "T", 2640, -570, 0],
		[2, "470Ω", "T", 2640, -860, 0],
		[3, "IR", "T", 2935, -720, 0],
		[4, "J4", "T", 501.716, -1263.606, 0],
		[5, "MH", "T", 2865.462, -173.606, 0],
		[6, "MH", "T", 2865.416, -1263.58, 0],
		[7, "MH", "T", 501.73, -173.58, 0],
		[8, "PICO", "T", 1340, -370, 0],
		[9, "PICO", "T", 1340, -1070, 0],
		[10, "Transistor", "T", 2520, -1060, 0],
		[11, "PAD1", "T", 2433.305, -570, 0],
		[12, "PAD1", "B", 2433.305, -570, 0],
		[13, "PAD2", "T", 2846.695, -570, 0],
		[14, "PAD2", "B", 2846.695, -570, 0],
		[15, "PAD3", "T", 2433.31, -860, 0],
		[16, "PAD3", "B", 2433.31, -860, 0],
		[17, "PAD4", "T", 2846.69, -860, 0],
		[18, "PAD4", "B", 2846.69, -860, 0],
		[19, "PAD5", "T", 790, -370, 0],
		[20, "PAD5", "B", 790, -370, 0],
		[21, "PAD6", "T", 1990, -1070, 0],
		[22, "PAD6", "B", 1990, -1070, 0],
		[23, "PAD7", "T", 2090, -1070, 0],
		[24, "PAD7", "B", 2090, -1070, 0],
		[25, "PAD8", "T", 2570, -1060, 0],
		[26, "PAD8", "B", 2570, -1060, 0],
		[27, "PAD9", "T", 2520, -1060, 0],
		[28, "PAD9", "B", 2520, -1060, 0],
		[29, "PAD10", "T", 2470, -1060, 0],
		[30, "PAD10", "B", 2470, -1060, 0],
		[31, "PAD11", "T", 2885, -720, 0],
		[32, "PAD11", "B", 2885, -720, 0],
		[33, "PAD12", "T", 2985, -720, 0],
		[34, "PAD12", "B", 2985, -720, 0]
	]
},
"pins": {
	"fields": ["PIN_NO", "PIN_NAME", "PIN_X", "PIN_Y", "LAYER", "PIN_TYPE", "NET_NAME", "NET_TYPE", "PAD_SHAPE", "PAD_SIZEX", "PAD_SIZEY", "HOLE_SIZE", "HOLE_LEN", "PAD_ANGLE"],
	"rows": [
		[1, "82Ω_1", 2433.305, -570, "T", "DIP", "3.3V", "", "C", 62.992, 62.992, 36, 36, 0],
		[2, "82Ω_1", 2433.305, -570, "B", "DIP", "3.3V", "", "C", 62.992, 62.992, 36, 36, 0],
		[3, "82Ω_2", 2846.695, -570, "T", "DIP", "$1N2224", "", "C", 62.992, 62.992, 36, 36, 0],
		[4, "82Ω_2", 2846.695, -570, "B", "DIP", "$1N2224", "", "C", 62.992, 62.992, 36, 36, 0],
		[5, "470Ω_1", 2433.31, -860, "T", "DIP", "GPIO", "", "C", 55.118, 55.118, 27.56, 27.56, 0],
		[6, "470Ω_1", 2433.31, -860, "B", "DIP", "GPIO", "", "C", 55.118, 55.118, 27.56, 27.56, 0],
		[7, "470Ω_2", 2846.69, -860, "T", "DIP", "$1N3709", "", "C", 55.118, 55.118, 27.56, 27.56, 0],
		[8, "470Ω_2", 2846.69, -860, "B", "DIP", "$1N3709", "", "C", 55.118, 55.118, 27.56, 27.56, 0],
		[9, "IR_1", 2885, -720, "T", "DIP", "$1N2224", "", "C", 62.992, 62.992, 39.37, 39.37, 0],
		[10, "IR_1", 2885, -720, "B", "DIP", "$1N2224", "", "C", 62.992, 62.992, 39.37, 39.37, 0],
		[11, "IR_2", 2985, -720, "T", "DIP", "LED", "", "C", 62.992, 62.992, 39.37, 39.37, 0],
		[12, "IR_2", 2985, -720, "B", "DIP", "LED", "", "C", 62.992, 62.992, 39.37, 39.37, 0],
		[13, "J4_1", 501.7, -1263.6, "T", "DIP", "NET_1", "", "C", 255.905, 255.905, 118.11, 118.11, 0],
		[14, "J4_1", 501.7, -1263.6, "B", "DIP", "NET_1", "", "C", 255.905, 255.905, 118.11, 118.11, 0],
		[15, "MH_1", 2865.446, -173.6, "T", "DIP", "NET_2", "", "C", 255.905, 255.905, 118.11, 118.11, 0],
		[16, "MH_1", 2865.446, -173.6, "B", "DIP", "NET_2", "", "C", 255.905, 255.905, 118.11, 118.11, 0],
		[17, "MH_1", 2865.4, -1263.574, "T", "DIP", "NET_3", "", "C", 255.905, 255.905, 118.11, 118.11, 0],
		[18, "MH_1", 2865.4, -1263.574, "B", "DIP", "NET_3", "", "C", 255.905, 255.905, 118.11, 118.11, 0],
		[19, "MH_1", 501.714, -173.574, "T", "DIP", "NET_4", "", "C", 255.905, 255.905, 118.11, 118.11, 0],
		[20, "MH_1", 501.714, -173.574, "B", "DIP", "NET_4", "", "C", 255.905, 255.905, 118.11, 118.11, 0],
		[21, "PICO_1", 390, -370, "T", "DIP", "NET_5", "", "R", 70.866, 70.866, 47.244, 47.244, 0],
		[22, "PICO_1", 390, -370, "B", "DIP", "NET_5", "", "R", 70.866, 70.866, 47.244, 47.244, 0],
		[23, "PICO_2", 490, -370, "T", "DIP", "NET_6", "", "C", 70.866, 70.866, 47.244, 47.244, 0],
		[24, "PICO_2", 490, -370, "B", "DIP", "NET_6", "", "C", 70.866, 70.866, 47.244, 47.244, 0],
		[25, "PICO_3", 590, -370, "T", "DIP", "NET_7", "", "C", 70.866, 70.866, 47.244, 47.244, 0],
		[26, "PICO_3", 590, -370, "B", "DIP", "NET_7", "", "C", 70.866, 70.866, 47.244, 47.244, 0],
		[27, "PICO_4", 690, -370, "T", "DIP", "NET_8", "", "C", 70.866, 70.866, 47.244, 47.244, 0],
		[28, "PICO_4", 690, -370, "B", "DIP", "NET_8", "", "C", 70.866, 70.866, 47.244, 47.244, 0],
		[29, "PICO_5", 790, -370, "T", "DIP", "3.3V", "", "C", 70.866, 70.866, 47.244, 47.244, 0],
		[30, "PICO_5", 790, -370, "B", "DIP", "3.3V", "", "C", 70.866, 70.866, 47.244, 47.244, 0],
		[31, "PICO_6", 890, -370, "T", "DIP", "NET_9", "", "C", 70.866, 70.866, 47.244, 47.244, 0],
		[32, "PICO_6", 890, -370, "B", "DIP", "NET_9", "", "C", 70.866, 70.866, 47.244, 47.244, 0],
		[33, "PICO_7", 990, -370, "T", "DIP", "NET_10", "", "C", 70.866, 70.866, 47.244, 47.244, 0],
		[34, "PICO_7", 990, -370, "B", "DIP", "NET_10", "", "C", 70.866, 70.866, 47.244, 47.244, 0],
		[35, "PICO_8", 1090, -370, "T", "DIP", "NET_11", "", "C", 70.866, 70.866, 47.244, 47.244, 0],
		[36, "PICO_8", 1090, -370, "B", "DIP", "NET_11", "", "C", 70.866, 70.866, 47.244, 47.244, 0],
		[37, "PICO_9", 1190, -370, "T", "DIP", "NET_12", "", "C", 70.866, 70.866, 47.244, 47.244, 0],
		[38, "PICO_9", 1190, -370, "B", "DIP", "NET_12", "", "C", 70.866, 70.866, 47.244, 47.244, 0],
		[39, "PICO_10", 1290, -370, "T", "DIP", "NET_13", "", "C", 70.866, 70.866, 47.244, 47.244, 0],
		[40, "PICO_10", 1290, -370, "B", "DIP", "NET_13", "", "C", 70.866, 70.866, 47.244, 47.244, 0],
		[41, "PICO_11", 1390, -370, "T", "DIP", "NET_14", "", "C", 70.866, 70.866, 47.244, 47.244, 0],
		[42, "PICO_11", 1390, -370, "B", "DIP", "NET_14", "", "C", 70.866, 70.866, 47.244, 47.244, 0],
		[43, "PICO_12", 1490, -370, "T", "DIP", "NET_15", "", "C", 70.866, 70.866, 47.244, 47.244, 0],
		[44, "PICO_12", 1490, -370, "B", "DIP", "NET_15", "", "C", 70.866, 70.866, 47.244, 47.244, 0],
		[45, "PICO_13", 1590, -370, "T", "DIP", "NET_16", "", "C", 70.866, 70.866, 47.244, 47.244, 0],
		[46, "PICO_13", 1590, -370, "B", "DIP", "NET_16", "", "C", 70.866, 70.866, 47.244, 47.244, 0],
		[47, "PICO_14", 1690, -370, "T", "DIP", "NET_17", "", "C", 70.866, 70.866, 47.244, 47.244, 0],
		[48, "PICO_14", 1690, -370, "B", "DIP", "NET_17", "", "C", 70.866, 70.866, 47.244, 47.244, 0],
		[49, "PICO_15", 1790, -370, "T", "DIP", "NET_18", "", "C", 70.866, 70.866, 47.244, 47.244, 0],
		[50, "PICO_15", 1790, -370, "B", "DIP", "NET_18", "", "C", 70.866, 70.866, 47.244, 47.244, 0],
		[51, "PICO_16", 1890, -370, "T", "DIP", "NET_19", "", "C", 70.866, 70.866, 47.244, 47.244, 0],
		[52, "PICO_16", 1890, -370, "B", "DIP", "NET_19", "", "C", 70.866, 70.866, 47.244, 47.244, 0],
		[53, "PICO_17", 1990, -370, "T", "DIP", "NET_20", "", "C", 70.866, 70.866, 47.244, 47.244, 0],
		[54, "PICO_17", 1990, -370, "B", "DIP", "NET_20", "", "C", 70.866, 70.866, 47.244, 47.244, 0],
		[55, "PICO_18", 2090, -370, "T", "DIP", "NET_21", "", "C", 70.866, 70.866, 47.244, 47.244, 0],
		[56, "PICO_18", 2090, -370, "B", "DIP", "NET_21", "", "C", 70.866, 70.866, 47.244, 47.244, 0],
		[57, "PICO_19", 2190, -370, "T", "DIP", "NET_22", "", "C", 70.866, 70.866, 47.244, 47.244, 0],
		[58, "PICO_19", 2190, -370, "B", "DIP", "NET_22", "", "C", 70.866, 70.866, 47.244, 47.244, 0],
		[59, "PICO_20", 2290, -370, "T", "DIP", "NET_23", "", "C", 70.866, 70.866, 47.244, 47.244, 0],
		[60, "PICO_20", 2290, -370, "B", "DIP", "NET_23", "", "C", 70.866, 70.866, 47.244, 47.244, 0],
		[61, "PICO_1", 390, -1070, "T", "DIP", "NET_24", "", "R", 70.866, 70.866, 47.244, 47.244, 0],
		[62, "PICO_1", 390, -1070, "B", "DIP", "NET_24", "", "R", 70.866, 70.866, 47.244, 47.244, 0],
		[63, "PICO_2", 490, -1070, "T", "DIP", "NET_25", "", "C", 70.866, 70.866, 47.244, 47.244, 0],
		[64, "PICO_2", 490, -1070, "B", "DIP", "NET_25", "", "C", 70.866, 70.866, 47.244, 47.244, 0],
		[65, "PICO_3", 590, -1070, "T", "DIP", "NET_26", "", "C", 70.866, 70.866, 47.244, 47.244, 0],
		[66, "PICO_3", 590, -1070, "B", "DIP", "NET_26", "", "C", 70.866, 70.866, 47.244, 47.244, 0],
		[67, "PICO_4", 690, -1070, "T", "DIP", "NET_27", "", "C", 70.866, 70.866, 47.244, 47.244, 0],
		[68, "PICO_4", 690, -1070, "B", "DIP", "NET_27", "", "C", 70.866, 70.866, 47.244, 47.244, 0],
		[69, "PICO_5", 790, -1070, "T", "DIP", "NET_28", "", "C", 70.866, 70.866, 47.244, 47.244, 0],
		[70, "PICO_5", 790, -1070, "B", "DIP", "NET_28", "", "C", 70.866, 70.866, 47.244, 47.244, 0],
		[71, "PICO_6", 890, -1070, "T", "DIP", "NET_29", "", "C", 70.866, 70.866, 47.244, 47.244, 0],
		[72, "PICO_6", 890, -1070, "B", "DIP", "NET_29", "", "C", 70.866, 70.866, 47.244, 47.244, 0],
		[73, "PICO_7", 990, -1070, "T", "DIP", "NET_30", "", "C", 70.866, 70.866, 47.244, 47.244, 0],
		[74, "PICO_7", 990, -1070, "B", "DIP", "NET_30", "", "C", 70.866, 70.866, 47.244, 47.244, 0],
		[75, "PICO_8", 1090, -1070, "T", "DIP", "NET_31", "", "C", 70.866, 70.866, 47.244, 47.244, 0],
		[76, "PICO_8", 1090, -1070, "B", "DIP", "NET_31", "", "C", 70.866, 70.866, 47.244, 47.244, 0],
		[77, "PICO_9", 1190, -1070, "T", "DIP", "NET_32", "", "C", 70.866, 70.866, 47.244, 47.244, 0],
		[78, "PICO_9", 1190, -1070, "B", "DIP", "NET_32", "", "C", 70.866, 70.866, 47.244, 47.244, 0],
		[79, "PICO_10", 1290, -1070, "T", "DIP", "NET_33", "", "C", 70.866, 70.866, 47.244, 47.244, 0],
		[80, "PICO_10", 1290, -1070, "B", "DIP", "NET_33", "", "C", 70.866, 70.866, 47.244, 47.244, 0],
		[81, "PICO_11", 1390, -1070, "T", "DIP", "NET_34", "", "C", 70.866, 70.866, 47.244, 47.244, 0],
		[82, "PICO_11", 1390, -1070, "B", "DIP", "NET_34", "", "C", 70.866, 70.866, 47.244, 47.244, 0],
		[83, "PICO_12", 1490, -1070, "T", "DIP", "NET_35", "", "C", 70.866, 70.866, 47.244, 47.244, 0],
		[84, "PICO_12", 1490, -1070, "B", "DIP", "NET_35", "", "C", 70.866, 70.866, 47.244, 47.244, 0],
		[85, "PICO_13", 1590, -1070, "T", "DIP", "NET_36", "", "C", 70.866, 70.866, 47.244, 47.244, 0],
		[86, "PICO_13", 1590, -1070, "B", "DIP", "NET_36", "", "C", 70.866, 70.866, 47.244, 47.244, 0],
		[87, "PICO_14", 1690, -1070, "T", "DIP", "NET_37", "", "C", 70.866, 70.866, 47.244, 47.244, 0],
		[88, "PICO_14", 1690, -1070, "B", "DIP", "NET_37", "", "C", 70.866, 70.866, 47.244, 47.244, 0],
		[89, "PICO_15", 1790, -1070, "T", "DIP", "NET_38", "", "C", 70.866, 70.866, 47.244, 47.244, 0],
		[90, "PICO_15", 1790, -1070, "B", "DIP", "NET_38", "", "C", 70.866, 70.866, 47.244, 47.244, 0],
		[91, "PICO_16", 1890, -1070, "T", "DIP", "NET_39", "", "C", 70.866, 70.866, 47.244, 47.244, 0],
		[92, "PICO_16", 1890, -1070, "B", "DIP", "NET_39", "", "C", 70.866, 70.866, 47.244, 47.244, 0],
		[93, "PICO_17", 1990, -1070, "T", "DIP", "GPIO", "", "C", 70.866, 70.866, 47.244, 47.244, 0],
		[94, "PICO_17", 1990, -1070, "B", "DIP", "GPIO", "", "C", 70.866, 70.866, 47.244, 47.244, 0],
		[95, "PICO_18", 2090, -1070, "T", "DIP", "GND", "GND", "C", 70.866, 70.866, 47.244, 47.244, 0],
		[96, "PICO_18", 2090, -1070, "B", "DIP", "GND", "GND", "C", 70.866, 70.866, 47.244, 47.244, 0],
		[97, "PICO_19", 2190, -1070, "T", "DIP", "NET_40", "", "C", 70.866, 70.866, 47.244, 47.244, 0],
		[98, "PICO_19", 2190, -1070, "B", "DIP", "NET_40", "", "C", 70.866, 70.866, 47.244, 47.244, 0],
		[99, "PICO_20", 2290, -1070, "T", "DIP", "NET_41", "", "C", 70.866, 70.866, 47.244, 47.244, 0],
		[100, "PICO_20", 2290, -1070, "B", "DIP", "NET_41", "", "C", 70.866, 70.866, 47.244, 47.244, 0],
		[101, "Transistor_1", 2470, -1060, "T", "DIP", "GND", "GND", "R", 35.433, 62.992, 27.56, 27.56, 0],
		[102, "Transistor_1", 2470, -1060, "B", "DIP", "GND", "GND", "R", 35.433, 62.992, 27.56, 27.56, 0],
		[103, "Transistor_2", 2520, -1060, "T", "DIP", "$1N3709", "", "O", 35.433, 62.992, 27.56, 27.56, 0],
		[104, "Transistor_2", 2520, -1060, "B", "DIP", "$1N3709", "", "O", 35.433, 62.992, 27.56, 27.56, 0],
		[105, "Transistor_3", 2570, -1060, "T", "DIP", "LED", "", "O", 35.433, 62.992, 27.56, 27.56, 0],
		[106, "Transistor_3", 2570, -1060, "B", "DIP", "LED", "", "O", 35.433, 62.992, 27.56, 27.56, 0],
		[107, "PAD1_1", 2433.305, -570, "T", "DIP", "3.3V", "", "C", 62.992, 62.992, 36, 36, 0],
		[108, "PAD1_1", 2433.305, -570, "B", "DIP", "3.3V", "", "C", 62.992, 62.992, 36, 36, 0],
		[109, "PAD2_2", 2846.695, -570, "T", "DIP", "$1N2224", "", "C", 62.992, 62.992, 36, 36, 0],
		[110, "PAD2_2", 2846.695, -570, "B", "DIP", "$1N2224", "", "C", 62.992, 62.992, 36, 36, 0],
		[111, "PAD3_1", 2433.31, -860, "T", "DIP", "GPIO", "", "C", 55.118, 55.118, 27.56, 27.56, 0],
		[112, "PAD3_1", 2433.31, -860, "B", "DIP", "GPIO", "", "C", 55.118, 55.118, 27.56, 27.56, 0],
		[113, "PAD4_2", 2846.69, -860, "T", "DIP", "$1N3709", "", "C", 55.118, 55.118, 27.56, 27.56, 0],
		[114, "PAD4_2", 2846.69, -860, "B", "DIP", "$1N3709", "", "C", 55.118, 55.118, 27.56, 27.56, 0],
		[115, "PAD5_5", 790, -370, "T", "DIP", "3.3V", "", "C", 70.866, 70.866, 47.244, 47.244, 0],
		[116, "PAD5_5", 790, -370, "B", "DIP", "3.3V", "", "C", 70.866, 70.866, 47.244, 47.244, 0],
		[117, "PAD6_17", 1990, -1070, "T", "DIP", "GPIO", "", "C", 70.866, 70.866, 47.244, 47.244, 0],
		[118, "PAD6_17", 1990, -1070, "B", "DIP", "GPIO", "", "C", 70.866, 70.866, 47.244, 47.244, 0],
		[119, "PAD7_18", 2090, -1070, "T", "DIP", "GND", "GND", "C", 70.866, 70.866, 47.244, 47.244, 0],
		[120, "PAD7_18", 2090, -1070, "B", "DIP", "GND", "GND", "C", 70.866, 70.866, 47.244, 47.244, 0],
		[121, "PAD8_3", 2570, -1060, "T", "DIP", "LED", "", "O", 35.433, 62.992, 27.56, 27.56, 0],
		[122, "PAD8_3", 2570, -1060, "B", "DIP", "LED", "", "O", 35.433, 62.992, 27.56, 27.56, 0],
		[123, "PAD9_2", 2520, -1060, "T", "DIP", "$1N3709", "", "O", 35.433, 62.992, 27.56, 27.56, 0],
		[124, "PAD9_2", 2520, -1060, "B", "DIP", "$1N3709", "", "O", 35.433, 62.992, 27.56, 27.56, 0],
		[125, "PAD10_1", 2470, -1060, "T", "DIP", "GND", "GND", "R", 35.433, 62.992, 27.56, 27.56, 0],
		[126, "PAD10_1", 2470, -1060, "B", "DIP", "GND", "GND", "R", 35.433, 62.992, 27.56, 27.56, 0],
		[127, "PAD11_1", 2885, -720, "T", "DIP", "$1N2224", "", "C", 62.992, 62.992, 39.37, 39.37, 0],
		[128, "PAD11_1", 2885, -720, "B", "DIP", "$1N2224", "", "C", 62.992, 62.992, 39.37, 39.37, 0],
		[129, "PAD12_2", 2985, -720, "T", "DIP", "LED", "", "C", 62.992, 62.992, 39.37, 39.37, 0],
		[130, "PAD12_2", 2985, -720, "B", "DIP", "LED", "", "C", 62.992, 62.992, 39.37, 39.37, 0]
	]
}
}